,id,name,popularity,duration_ms,explicit,artists,id_artists,release_date,danceability,energy,key,loudness,mode,speechiness,acousticness,instrumentalness,liveness,valence,tempo,time_signature
93802,4iJyoBOLtHqaGxP12qzhQI,Peaches (feat. Daniel Caesar & Giveon),100,198082,1,"['Justin Bieber', 'Daniel Caesar', 'Giveon']","['1uNFoZAHBGtllmzznpCI3s', '20wkVLutqVOYrc0kxFs7rA', '4fxd5Ee7UefO4CUXgwJ7IP']",2021-03-19,0.677,0.696,0,-6.181,1,0.11900000000000001,0.321,0.0,0.42,0.46399999999999997,90.03,4
93803,7lPN2DXiMsVn7XUKtOW1CS,drivers license,99,242014,1,['Olivia Rodrigo'],['1McMsnEElThX1knmY4oliG'],2021-01-08,0.585,0.436,10,-8.761000000000001,1,0.0601,0.721,1.31e-05,0.105,0.132,143.874,4
93804,3Ofmpyhv5UAQ70mENzB277,Astronaut In The Ocean,98,132780,0,['Masked Wolf'],['1uU7g3DNSbsu0QjSEqZtEd'],2021-01-06,0.778,0.695,4,-6.865,0,0.0913,0.175,0.0,0.15,0.47200000000000003,149.996,4
92810,5QO79kh1waicV47BqGRL3g,Save Your Tears,97,215627,1,['The Weeknd'],['1Xyo4u8uXC1ZmMpatF05PJ'],2020-03-20,0.68,0.826,0,-5.487,1,0.0309,0.0212,1.24e-05,0.5429999999999999,0.644,118.051,4
92811,6tDDoYIxWvMLTdKpjFkc1B,telepatía,97,160191,0,['Kali Uchis'],['1U1el3k54VvEUzo3ybLPlM'],2020-12-04,0.653,0.524,11,-9.016,0,0.0502,0.11199999999999999,0.0,0.203,0.5529999999999999,83.97,4
93805,7MAibcTli4IisCtbHKrGMh,Leave The Door Open,96,242096,0,"['Bruno Mars', 'Anderson .Paak', 'Silk Sonic']","['0du5cEVh5yTK9QJze8zA0C', '3jK9MiCrA42lLAdMGUZpwa', '6PvvGcCY2XtUcSRld1Wilr']",2021-03-05,0.586,0.616,5,-7.9639999999999995,1,0.0324,0.182,0.0,0.0927,0.7190000000000001,148.088,4
92813,0VjIjW4GlUZAMYd2vXMi3b,Blinding Lights,96,200040,0,['The Weeknd'],['1Xyo4u8uXC1ZmMpatF05PJ'],2020-03-20,0.514,0.73,1,-5.934,1,0.0598,0.00146,9.54e-05,0.0897,0.33399999999999996,171.005,4
92814,6f3Slt0GbA2bPZlz0aIFXN,The Business,95,164000,0,['Tiësto'],['2o5jDhtHVPhrJdv3cEQ99Z'],2020-09-16,0.7979999999999999,0.62,8,-7.079,0,0.23199999999999998,0.414,0.0192,0.11199999999999999,0.235,120.031,4
92816,3FAJ6O0NOHQV8Mc5Ri6ENp,Heartbreak Anniversary,94,198371,0,['Giveon'],['4fxd5Ee7UefO4CUXgwJ7IP'],2020-03-27,0.449,0.465,0,-8.964,1,0.0791,0.524,1.02e-06,0.303,0.5429999999999999,89.087,3
92819,1xK1Gg9SxG8fy2Ya373oqb,Bandido,94,232853,0,"['Myke Towers', 'Juhn']","['7iK8PXO48WeuP03g8YR51W', '2LmcxBak1alK1bf7d1beTr']",2020-12-10,0.713,0.617,8,-4.637,1,0.0887,0.122,0.0,0.0962,0.682,168.021,4
93807,4cG7HUWYHBV6R6tHn1gxrl,Friday (feat. Mufasa & Hypeman) - Dopamine Re-Edit,94,169153,0,"['Riton', 'Nightcrawlers', 'Mufasa & Hypeman', 'Dopamine']","['7i9j813KFoSBMldGqlh2Z1', '1gALaWbNDnwS2ECV09sn2A', '4L2dV3zY7RmkeiNO035Fi0', '3Edve4VIATi0OZngclQlkN']",2021-01-15,0.8240000000000001,0.862,2,-3.424,1,0.126,0.0076,0.000132,0.303,0.8009999999999999,122.98,4
93806,7Bk0uXKk1uPT0XuQbpFzvs,Fiel,94,261667,0,"['Los Legendarios', 'Wisin', 'Jhay Cortez']","['0n6sKrG0xKAf8xmdqeNGke', '3E6xrwgnVfYCrCs0ePERDz', '0EFisYRi20PTADoJrifHrz']",2021-02-04,0.8490000000000001,0.701,6,-4.407,0,0.06,0.40700000000000003,0.0,0.11199999999999999,0.505,98.005,4
91866,60ynsPSSKe6O3sfwRnIBRf,Streets,94,226987,1,['Doja Cat'],['5cj0lLjcoR7YOSnhnX0Po5'],2019-11-07,0.7490000000000001,0.46299999999999997,11,-8.433,1,0.0828,0.20800000000000002,0.0371,0.337,0.19,90.02799999999999,4
92817,27OeeYzk6klgBh83TSvGMA,WITHOUT YOU,94,161385,1,['The Kid LAROI'],['2tIP7SsRs7vjIcLrU85W8J'],2020-11-06,0.662,0.413,0,-7.357,1,0.0299,0.213,0.0,0.134,0.467,93.005,4
92823,3YJJjQPAbDT7mGpX3WtQ9A,Good Days,93,279204,1,['SZA'],['7tYKF4w9nC0nq9CsPZTHyP'],2020-12-25,0.436,0.655,1,-8.37,0,0.0583,0.499,8.1e-06,0.688,0.41200000000000003,121.00200000000001,4
92821,2XIc1pqjXV3Cr2BQUGNBck,LA NOCHE DE ANOCHE,93,203201,0,"['Bad Bunny', 'ROSALÍA']","['4q3ewBCX7sLwd24euuV69X', '7ltDVBr6mKbRvohxheJ9h1']",2020-11-27,0.856,0.618,7,-4.8919999999999995,1,0.28600000000000003,0.0303,0.0,0.0866,0.391,81.993,4
93812,3iw6V4LH7yPj1ESORX9RIN,Wellerman - Sea Shanty / 220 KID x Billen Ted Remix,92,116750,0,"['Nathan Evans', '220 KID', 'Billen Ted']","['1PKErrAhYFdfrDymGHRQRo', '4Euia7UzdRshy1DJOSMTcs', '5PoZtBo8xZKqPWlZrIDq82']",2021-01-21,0.722,0.893,0,-3.255,0,0.0475,0.0441,0.0009369999999999999,0.0673,0.439,119.932,4
92824,47EiUVwUp4C9fGccaPuUCS,DÁKITI,92,205090,1,"['Bad Bunny', 'Jhay Cortez']","['4q3ewBCX7sLwd24euuV69X', '0EFisYRi20PTADoJrifHrz']",2020-10-30,0.731,0.573,4,-10.059,0,0.0544,0.401,5.22e-05,0.113,0.145,109.928,4
92826,35mvY5S1H3J2QZyna3TFe0,positions,92,172325,1,['Ariana Grande'],['66CXWjxzNUsdJxJ2JdwvnR'],2020-10-30,0.737,0.802,0,-4.771,1,0.0878,0.46799999999999997,0.0,0.0931,0.682,144.015,4
92827,3VvA1wSxukMLsvXoXtlwWx,Hecha Pa' Mi,92,186133,0,['Boza'],['2NfSBtmWe7oPw1EmetJVso'],2020-07-31,0.725,0.7559999999999999,4,-5.013,1,0.0572,0.36200000000000004,0.000685,0.10300000000000001,0.828,100.07,4
92829,6ft4hAq6yde8jPZY2i5zLr,Paradise (feat. Dermot Kennedy),92,167903,0,"['MEDUZA', 'Dermot Kennedy']","['0xRXCcSX89eobfrshSVdyu', '5KNNVgR6LBIABRIomyCwKJ']",2020-10-30,0.632,0.595,8,-7.644,0,0.0401,0.0689,0.0,0.209,0.435,124.11399999999999,4
93811,4u4NyuceXP7Uzh7XFJKCr1,Hold On,92,170813,0,['Justin Bieber'],['1uNFoZAHBGtllmzznpCI3s'],2021-03-05,0.6579999999999999,0.634,1,-5.797000000000001,0,0.0413,0.0106,0.0,0.132,0.29,139.98,4
93809,1XXimziG1uhM0eDNCZCrUl,Up,92,156945,1,['Cardi B'],['4kYSro6naA4h99UJvo89HB'],2021-02-05,0.868,0.795,11,-6.044,1,0.26899999999999996,0.0012,0.0193,0.0461,0.8190000000000001,166.0,4
93808,5YYW3yRktprLRr47WK219Y,Ella No Es Tuya - Remix,92,218107,0,"['Rochy RD', 'Myke Towers', 'Nicki Nicole']","['4riOEaOW5hCeqomFDBk0aP', '7iK8PXO48WeuP03g8YR51W', '2UZIAOlrnyZmyzt1nuXr9y']",2021-02-03,0.585,0.611,6,-4.132,1,0.28800000000000003,0.39,0.0,0.649,0.9620000000000001,97.041,4
91867,6UelLqGlWMcVH1E5c4H7lY,Watermelon Sugar,92,174000,0,['Harry Styles'],['6KImCVD70vtIoJWnq6nGn3'],2019-12-13,0.5479999999999999,0.816,0,-4.209,1,0.0465,0.122,0.0,0.335,0.557,95.39,4
93810,5uEYRdEIh9Bo4fpjDd4Na9,Goosebumps - Remix,92,162803,1,"['Travis Scott', 'HVME']","['0Y5tJX1MQlPlqiwlOH1tJY', '2o08sCWF5yyo2G4DCiT7T9']",2021-01-15,0.841,0.593,1,-7.846,1,0.0379,0.418,0.0,0.124,0.8079999999999999,124.917,4
92832,45bE4HXI0AwGZXfZtMp8JR,you broke me first,91,169266,0,['Tate McRae'],['45dkTj5sMRSjrmBSBeiHym'],2020-04-17,0.667,0.373,4,-9.389,1,0.05,0.785,0.0,0.0906,0.0823,124.148,4
92830,4saklk6nie3yiGePpBwUoc,Dynamite,91,199054,0,['BTS'],['3Nrfpe0tUJi4K4DXYWgMUX'],2020-11-20,0.746,0.765,6,-4.41,0,0.0993,0.0112,0.0,0.0936,0.737,114.044,4
92833,7vrJn5hDSXRmdXoR30KgF1,BICHOTA,91,178947,1,['KAROL G'],['790FomKkXshlbRYZFtlgla'],2020-10-23,0.863,0.6659999999999999,1,-4.158,0,0.152,0.212,0.000493,0.10300000000000001,0.838,163.908,4
92835,6Im9k8u9iIzKMrmV7BWtlF,34+35,91,173711,1,['Ariana Grande'],['66CXWjxzNUsdJxJ2JdwvnR'],2020-10-30,0.83,0.585,0,-6.476,1,0.094,0.237,0.0,0.248,0.485,109.978,4
92837,7ytR5pFWmSjzHJIeQkgog4,ROCKSTAR (feat. Roddy Ricch),91,181733,1,"['DaBaby', 'Roddy Ricch']","['4r63FhuTkUYltbVAg5TQnk', '757aE44tKEUQEqRuT6GnEB']",2020-04-17,0.746,0.69,11,-7.956,1,0.16399999999999998,0.247,0.0,0.10099999999999999,0.49700000000000005,89.977,4
92841,1tkg4EHVoqnhR6iFEXb60y,What You Know Bout Love,91,160000,1,['Pop Smoke'],['0eDvMgVFoNV3TpwtrVCoTj'],2020-07-03,0.7090000000000001,0.5479999999999999,10,-8.493,1,0.353,0.65,1.59e-06,0.133,0.5429999999999999,83.995,4
92839,6cx06DFPPHchuUAcTxznu9,Head & Heart (feat. MNEK),91,166028,0,"['Joel Corry', 'MNEK']","['6DgP9otnZw5z6daOntINxp', '7uMh23xWiuR7zsNkuNcm2G']",2020-07-03,0.7340000000000001,0.8740000000000001,8,-3.158,1,0.0662,0.168,1.1400000000000001e-05,0.0489,0.905,122.95299999999999,4
93813,2TksvaRivgAEj780DgRB73,911,91,215891,1,['Sech'],['77ziqFxp5gaInVrF2lj4ht'],2021-02-05,0.795,0.655,7,-3.815,1,0.0422,0.076,1.76e-06,0.29600000000000004,0.7440000000000001,93.029,4
93814,5YaskwnGDZFDRipaqzbwQx,Your Love (9PM),91,150053,0,"['ATB', 'Topic', 'A7S']","['7jZM5w05mGhw6wTB1okhD9', '0u6GtibW46tFX7koQ6uNJZ', '5Wg2b4Mp42gicxEeDNawf7']",2021-01-15,0.669,0.784,7,-5.603,1,0.11199999999999999,0.19399999999999998,6.28e-06,0.115,0.517,125.993,4
93815,3aQem4jVGdhtg116TmJnHz,What’s Next,91,178154,1,['Drake'],['3TVXtAsR1Inumwj472S9r4'],2021-03-05,0.7809999999999999,0.594,0,-6.959,0,0.0485,0.0136,0.0,0.162,0.0628,129.895,4
93816,1diS6nkxMQc3wwC4G1j0bh,We're Good,91,165507,0,['Dua Lipa'],['6M2wZ9GZgrQXHCFfjv46we'],2021-02-11,0.722,0.588,6,-5.932,1,0.0544,0.0319,0.0,0.183,0.59,134.01,4
92847,4MzXwWMhyBbmu6hOcLVD49,DÁKITI,90,205090,1,"['Bad Bunny', 'Jhay Cortez']","['4q3ewBCX7sLwd24euuV69X', '0EFisYRi20PTADoJrifHrz']",2020-11-27,0.731,0.573,4,-10.059,0,0.0544,0.401,5.22e-05,0.113,0.145,109.928,4
115733,2etHQJxIbV0soyPhelVs9Y,Best Friend (feat. Doja Cat),90,155884,1,"['Saweetie', 'Doja Cat']","['6cK3NBO6uP7hh0oyuVELFl', '5cj0lLjcoR7YOSnhnX0Po5']",2021-01-07,0.84,0.7659999999999999,4,-4.12,1,0.136,0.00302,3.61e-06,0.0684,0.402,94.01799999999999,4
91869,7qEHsqek33rTcFNT9PFqLf,Someone You Loved,90,182161,0,['Lewis Capaldi'],['4GNC7GD6oZMSxPGyXy4MNB'],2019-05-17,0.501,0.405,1,-5.678999999999999,1,0.0319,0.7509999999999999,0.0,0.105,0.446,109.891,4
92849,4Oun2ylbjFKMPTiaSbbCih,WAP (feat. Megan Thee Stallion),90,187541,1,"['Cardi B', 'Megan Thee Stallion']","['4kYSro6naA4h99UJvo89HB', '181bsRPaVXVlUKXrxwZfHK']",2020-08-07,0.935,0.45399999999999996,1,-7.5089999999999995,1,0.375,0.0194,0.0,0.0824,0.35700000000000004,133.07299999999998,4
92851,1KixkQVDUHggZMU9dUobgm,My Head & My Heart,90,174760,0,['Ava Max'],['4npEfmQ6YuiwW1GpUmaq3F'],2020-09-18,0.614,0.934,9,-3.7089999999999996,0,0.07,0.0697,0.0,0.121,0.436,116.001,4
86016,2QjOHCTQ1Jl3zawyYOpxh6,Sweater Weather,90,240400,0,['The Neighbourhood'],['77SW9BnxLY8rJ0RciFqkHh'],2013-04-19,0.612,0.807,10,-2.81,1,0.0336,0.0495,0.0177,0.10099999999999999,0.39799999999999996,124.053,4
92843,463CkQjx2Zk1yXoBuierM9,Levitating (feat. DaBaby),90,203064,0,"['Dua Lipa', 'DaBaby']","['6M2wZ9GZgrQXHCFfjv46we', '4r63FhuTkUYltbVAg5TQnk']",2020-10-01,0.7020000000000001,0.825,6,-3.787,0,0.0601,0.00883,0.0,0.0674,0.915,102.977,4
92845,54bFM56PmE4YLRnqpW6Tha,Therefore I Am,90,174321,0,['Billie Eilish'],['6qqNVTkY8uBg9cP3Jd7DAH'],2020-11-12,0.889,0.34,11,-7.773,0,0.0697,0.218,0.13,0.055,0.716,94.009,4
93822,31qCy5ZaophVA81wtlwLc4,Anyone,90,190779,0,['Justin Bieber'],['1uNFoZAHBGtllmzznpCI3s'],2021-01-01,0.6859999999999999,0.5379999999999999,2,-8.026,1,0.0345,0.18100000000000002,3.13e-06,0.113,0.584,115.884,4
93820,61KpQadow081I2AsbeLcsb,deja vu,90,215508,1,['Olivia Rodrigo'],['1McMsnEElThX1knmY4oliG'],2021-04-01,0.439,0.61,9,-7.236000000000001,1,0.11599999999999999,0.593,1.07e-05,0.341,0.172,181.088,4
93819,6fRxMU4LWwyaSSowV441IU,Beautiful Mistakes (feat. Megan Thee Stallion),90,227395,0,"['Maroon 5', 'Megan Thee Stallion']","['04gDigrS5kc9YWfZHwBETP', '181bsRPaVXVlUKXrxwZfHK']",2021-03-03,0.713,0.6759999999999999,10,-5.483,1,0.027000000000000003,0.0377,0.0,0.154,0.721,99.04799999999999,4
93817,079Ey5uxL04AKPQgVQwx5h,Baila Conmigo (with Rauw Alejandro),90,186088,0,"['Selena Gomez', 'Rauw Alejandro']","['0C8ZW7ezQVs4URX5aX7Kqx', '1mcTU81TzQhprhouKaTkpq']",2021-03-12,0.823,0.544,5,-7.132000000000001,1,0.0715,0.0215,0.00315,0.0966,0.664,149.903,4
92863,7ndTONDDRFGiPnnhOzOXxq,La Nota,89,216107,0,"['Manuel Turizo', 'Rauw Alejandro', 'Myke Towers']","['0tmwSHipWxN12fsoLcFU3B', '1mcTU81TzQhprhouKaTkpq', '7iK8PXO48WeuP03g8YR51W']",2020-10-08,0.736,0.632,11,-4.939,0,0.0648,0.18,0.0,0.349,0.503,92.03,4
92861,6zFMeegAMYQo0mt8rXtrli,HOLIDAY,89,154998,1,['Lil Nas X'],['7jVv8c5Fj3E9VhNjxT4snq'],2020-11-13,0.81,0.511,5,-6.9239999999999995,0,0.16399999999999998,0.12,0.0,0.0832,0.8370000000000001,151.947,4
92867,5nujrmhLynf4yMoMtj8AQF,Levitating (feat. DaBaby),89,203064,0,"['Dua Lipa', 'DaBaby']","['6M2wZ9GZgrQXHCFfjv46we', '4r63FhuTkUYltbVAg5TQnk']",2020-03-27,0.7020000000000001,0.825,6,-3.787,0,0.0601,0.00883,0.0,0.0674,0.915,102.977,4
92853,4xqrdfXkTW4T0RauPLv3WA,Heather,89,198040,0,['Conan Gray'],['4Uc8Dsxct0oMqx0P6i60ea'],2020-03-20,0.35700000000000004,0.425,5,-7.301,1,0.0333,0.584,0.0,0.322,0.27,102.07799999999999,3
90900,0u2P5u6lvoDfwTYjAADbn4,lovely (with Khalid),89,200186,0,"['Billie Eilish', 'Khalid']","['6qqNVTkY8uBg9cP3Jd7DAH', '6LuN9FCkKOj5PcnpouEgny']",2018-04-19,0.35100000000000003,0.29600000000000004,4,-10.109,0,0.0333,0.934,0.0,0.095,0.12,115.28399999999999,4
92869,7eJMfftS33KTjuF7lTsMCx,death bed (coffee for your head),89,173333,0,"['Powfu', 'beabadoobee']","['6bmlMHgSheBauioMgKv2tn', '35l9BRT7MXmM8bv2WDQiyB']",2020-02-08,0.726,0.431,8,-8.765,0,0.135,0.731,0.0,0.696,0.348,144.026,4
92871,20McUFi8KCIVdNDLrkTDuZ,Goosebumps,89,163208,1,['HVME'],['2o08sCWF5yyo2G4DCiT7T9'],2020-06-12,0.767,0.659,1,-7.428999999999999,1,0.0444,0.325,0.0,0.13,0.439,124.946,4
92859,0PvFJmanyNQMseIFrU708S,For The Night (feat. Lil Baby & DaBaby),89,190476,1,"['Pop Smoke', 'Lil Baby', 'DaBaby']","['0eDvMgVFoNV3TpwtrVCoTj', '5f7VJjfbwm532GiveGC0ZK', '4r63FhuTkUYltbVAg5TQnk']",2020-07-03,0.823,0.586,6,-6.606,0,0.2,0.114,0.0,0.193,0.34700000000000003,125.971,4
92857,1zLBsSVxETQOfINOLYvT5m,GIRL LIKE ME,89,222523,1,"['Black Eyed Peas', 'Shakira']","['1yxSLGMDHlW21z4YXirZDS', '0EmeFodog0BfCgMzAIvKQp']",2020-11-02,0.965,0.485,2,-8.783999999999999,1,0.191,0.0206,0.0237,0.0655,0.312,124.025,4
92865,249gnXrbfmV8NG6jTEMSwD,Life Goes On,89,207481,0,['BTS'],['3Nrfpe0tUJi4K4DXYWgMUX'],2020-11-20,0.5660000000000001,0.716,1,-5.733,1,0.0424,0.0069099999999999995,0.0,0.37,0.45,81.068,4
92855,5vGLcdRuSbUhD8ScwsGSdA,Whoopty,89,123263,1,['CJ'],['7arQA31aZVS8yS6zUveWzb'],2020-08-20,0.7190000000000001,0.648,3,-7.6,0,0.125,0.2,0.0,0.127,0.66,140.201,4
93825,2MZQAvsA7aZDssppBLRxYp,Batom de Cereja - Ao Vivo,89,140942,0,['Israel & Rodolffo'],['41QLxRXlc2NwfJZkHGHKid'],2021-01-29,0.606,0.9079999999999999,6,-6.2010000000000005,0,0.0565,0.556,0.0,0.19,0.7979999999999999,171.96599999999998,4
91872,1Xi84slp6FryDSCbzq4UCD,Arcade,89,183624,0,['Duncan Laurence'],['3klZnJvYGIbWritVwQD434'],2019-03-07,0.45,0.32899999999999996,9,-12.603,0,0.0441,0.818,0.00109,0.135,0.266,71.884,3
91870,21jGcNKet2qwijlDFuPiPb,Circles,89,215280,0,['Post Malone'],['246dkjvS1zLTtiykXe5h60'],2019-09-06,0.695,0.762,0,-3.497,1,0.0395,0.192,0.00244,0.0863,0.5529999999999999,120.042,4
93821,43PGPuHIlVOc04jrZVh9L6,RAPSTAR,89,165926,1,['Polo G'],['6AgTAQt8XS6jRWi4sX7w49'],2021-04-09,0.789,0.536,6,-6.862,1,0.242,0.41,0.0,0.129,0.43700000000000006,81.039,4
93823,65OVbaJR5O1RmwOQx0875b,Wants and Needs (feat. Lil Baby),89,192956,1,"['Drake', 'Lil Baby']","['3TVXtAsR1Inumwj472S9r4', '5f7VJjfbwm532GiveGC0ZK']",2021-03-05,0.578,0.449,1,-6.349,1,0.28600000000000003,0.0618,2.17e-06,0.11900000000000001,0.1,136.006,4
90901,285pBltuF7vW8TeWk8hdRR,Lucid Dreams,88,239836,1,['Juice WRLD'],['4MCBfE4596Uoi2O4DtmEMz'],2018-12-10,0.511,0.5660000000000001,6,-7.23,0,0.2,0.349,0.0,0.34,0.218,83.90299999999999,4
92879,35UUpTmrcFXNIVIN26ujXl,Relación - Remix,88,247308,0,"['Sech', 'Daddy Yankee', 'J Balvin', 'ROSALÍA', 'Farruko']","['77ziqFxp5gaInVrF2lj4ht', '4VMYDCV2IEDYJArk749S6m', '1vyhD5VmyZ7KMfW5gqLgo5', '7ltDVBr6mKbRvohxheJ9h1', '329e4yvIujISKGKz1BZZbO']",2020-09-04,0.7929999999999999,0.7709999999999999,5,-3.417,1,0.0959,0.0337,1.51e-06,0.284,0.835,171.94299999999998,4
89909,0pqnGHJpmpxLKifKRmU6WP,Believer,88,204347,0,['Imagine Dragons'],['53XhwfbYqKCa1cC15pYq2q'],2017-06-23,0.7759999999999999,0.78,10,-4.374,0,0.128,0.0622,0.0,0.081,0.6659999999999999,124.949,4
92877,2SAqBLGA283SUiwJ3xOUVI,Laugh Now Cry Later (feat. Lil Durk),88,261493,1,"['Drake', 'Lil Durk']","['3TVXtAsR1Inumwj472S9r4', '3hcs9uc56yIGFCSy9leWe7']",2020-08-14,0.7609999999999999,0.518,0,-8.871,1,0.134,0.244,3.47e-05,0.107,0.522,133.976,4
92875,5RubKOuDoPn5Kj5TLVxSxY,TE MUDASTE,88,130014,1,['Bad Bunny'],['4q3ewBCX7sLwd24euuV69X'],2020-11-27,0.8109999999999999,0.637,10,-4.835,0,0.0591,0.23399999999999999,0.000572,0.11800000000000001,0.47100000000000003,92.025,4
92873,2mM3gZ0BbPwPPMelbA8vgt,No Te Enamores - Remix,88,289933,1,"['Milly', 'Farruko', 'Nio Garcia', 'Jay Wheeler', 'Amenazzy']","['7kXCcNRLEnblbTAppPraBp', '329e4yvIujISKGKz1BZZbO', '5hdhHgpxyniooUiQVaPxQ0', '2cPqdH7XMvwaBJEVjheH8g', '6kq4GHwUcUojGIu0ziSNXf']",2020-11-20,0.8240000000000001,0.8370000000000001,5,-4.603,1,0.107,0.573,1.66e-05,0.271,0.58,100.021,4
93838,1nahzW3kfMuwReTka28tH5,Hold On,88,170813,0,['Justin Bieber'],['1uNFoZAHBGtllmzznpCI3s'],2021-03-19,0.6579999999999999,0.634,1,-6.068,0,0.0431,0.0104,0.0,0.12,0.302,140.002,4
88938,6gBFPUFcJLzWGx4lenP6h2,goosebumps,88,243837,1,['Travis Scott'],['0Y5tJX1MQlPlqiwlOH1tJY'],2016-09-16,0.841,0.728,7,-3.37,1,0.0484,0.0847,0.0,0.149,0.43,130.049,4
91877,0nbXyq5TXYPCO7pr3N8S4I,The Box,88,196653,1,['Roddy Ricch'],['757aE44tKEUQEqRuT6GnEB'],2019-12-06,0.8959999999999999,0.586,10,-6.687,0,0.0559,0.10400000000000001,0.0,0.79,0.642,116.971,4
91878,3H7ihDc1dqLriiWXwsc2po,Breaking Me,88,166794,0,"['Topic', 'A7S']","['0u6GtibW46tFX7koQ6uNJZ', '5Wg2b4Mp42gicxEeDNawf7']",2019-12-19,0.789,0.72,8,-5.652,0,0.218,0.223,0.0,0.129,0.664,122.031,4
93818,3UHPGOkUcE4hE7sqBF4Snt,Film out,88,214621,0,['BTS'],['3Nrfpe0tUJi4K4DXYWgMUX'],2021-04-01,0.499,0.7090000000000001,10,-6.404,1,0.134,0.29600000000000004,0.0,0.331,0.314,164.032,4
92883,1VLtjHwRWOVJiE5Py7JxoQ,Martin & Gina,88,132833,1,['Polo G'],['6AgTAQt8XS6jRWi4sX7w49'],2020-05-15,0.8320000000000001,0.534,1,-7.813,0,0.253,0.345,0.0,0.165,0.11599999999999999,93.92399999999999,4
91884,3jjujdWJ72nww5eGnfs2E7,Adore You,88,207133,0,['Harry Styles'],['6KImCVD70vtIoJWnq6nGn3'],2019-12-13,0.6759999999999999,0.7709999999999999,8,-3.675,1,0.0483,0.0237,7.000000000000001e-06,0.102,0.569,99.04799999999999,4
91874,24Yi9hE78yPEbZ4kxyoXAI,Roses - Imanbek Remix,88,176840,1,"['SAINt JHN', 'Imanbek']","['0H39MdGGX6dbnnQPt6NQkZ', '5rGrDvrLOV2VV8SCFVGWlj']",2019-10-09,0.77,0.7240000000000001,8,-5.484,1,0.0495,0.0167,0.0107,0.353,0.898,121.975,4
91875,2b8fOow8UzyDFAE27YhOZM,Memories,88,189486,0,['Maroon 5'],['04gDigrS5kc9YWfZHwBETP'],2019-09-20,0.764,0.32,11,-7.209,1,0.0546,0.8370000000000001,0.0,0.0822,0.575,91.01899999999999,4
91873,45S5WTQEGOB1VHr1Q4FuPl,Golden,88,208907,0,['Harry Styles'],['6KImCVD70vtIoJWnq6nGn3'],2019-12-13,0.44799999999999995,0.838,4,-5.257000000000001,0,0.0557,0.21,0.000131,0.131,0.254,139.863,4
91882,2XU0oxnq2qxCpomAAuJY8K,Dance Monkey,88,209438,0,['Tones And I'],['2NjfBq1NflQcKSeiDooVjY'],2019-10-17,0.8240000000000001,0.588,6,-6.4,0,0.0924,0.6920000000000001,0.00010400000000000001,0.149,0.513,98.027,4
91880,2Fxmhks0bxGSBdJ92vM42m,bad guy,88,194088,0,['Billie Eilish'],['6qqNVTkY8uBg9cP3Jd7DAH'],2019-03-29,0.701,0.425,7,-10.965,1,0.375,0.32799999999999996,0.13,0.1,0.562,135.128,4
92881,0E4Y1XIbs8GrAT1YqVy6dq,Afterglow,88,185487,0,['Ed Sheeran'],['6eUKZXaKkcviH0Ku9w2n3V'],2020-12-21,0.6409999999999999,0.324,11,-5.851,1,0.0299,0.698,0.0,0.32799999999999996,0.273,110.184,4
86017,3U4isOIWM3VvDubwSI3y7a,All of Me,87,269560,0,['John Legend'],['5y2Xq6xcjJb2jVM54GHK3t'],2013-08-30,0.42200000000000004,0.264,8,-7.064,1,0.0322,0.922,0.0,0.132,0.331,119.93,4
86018,5FVd6KXrgO9B3JPmC8OPst,Do I Wanna Know?,87,272394,0,['Arctic Monkeys'],['7Ln80lUS6He07XvHI8qqHH'],2013-09-09,0.5479999999999999,0.532,5,-7.596,1,0.0323,0.18600000000000003,0.000263,0.217,0.405,85.03,4
89912,7qiZfU4dY1lWllzX7mPBI3,Shape of You,87,233713,0,['Ed Sheeran'],['6eUKZXaKkcviH0Ku9w2n3V'],2017-03-03,0.825,0.652,1,-3.1830000000000003,0,0.0802,0.581,0.0,0.0931,0.9309999999999999,95.977,4
90906,2xLMifQCjDGFmkHkpNLD9h,SICKO MODE,87,312820,1,['Travis Scott'],['0Y5tJX1MQlPlqiwlOH1tJY'],2018-08-03,0.8340000000000001,0.73,8,-3.714,1,0.222,0.00513,0.0,0.124,0.446,155.00799999999998,4
92885,5u1n1kITHCxxp8twBcZxWy,Holy (feat. Chance The Rapper),87,212093,0,"['Justin Bieber', 'Chance the Rapper']","['1uNFoZAHBGtllmzznpCI3s', '1anyVhU62p31KFi8MEzkbf']",2020-09-18,0.6729999999999999,0.7040000000000001,6,-8.056000000000001,1,0.36,0.196,0.0,0.0898,0.37200000000000005,86.919,4
92913,5JqZ3oqF00jkT81foAFvqg,Prisoner (feat. Dua Lipa),87,169333,0,"['Miley Cyrus', 'Dua Lipa']","['5YGY8feqx7naU7z4HrwZM6', '6M2wZ9GZgrQXHCFfjv46we']",2020-11-20,0.7809999999999999,0.67,3,-3.912,0,0.0452,0.0103,0.0,0.0761,0.595,127.99,4
91885,3eekarcy7kvN4yt5ZFzltW,HIGHEST IN THE ROOM,87,175721,1,['Travis Scott'],['0Y5tJX1MQlPlqiwlOH1tJY'],2019-10-04,0.598,0.42700000000000005,7,-8.764,0,0.0317,0.0546,5.83e-06,0.21,0.0605,76.469,4
91886,1ZMiCix7XSAbfAJlEZWMCp,Falling,87,240133,0,['Harry Styles'],['6KImCVD70vtIoJWnq6nGn3'],2019-12-13,0.5670000000000001,0.267,4,-6.502000000000001,1,0.0299,0.8390000000000001,1.46e-06,0.08900000000000001,0.0592,110.01100000000001,4
91887,6Hj9jySrnFppAI0sEMCZpJ,Robbery,87,240051,1,['Juice WRLD'],['4MCBfE4596Uoi2O4DtmEMz'],2019-03-08,0.685,0.6920000000000001,2,-5.122000000000001,1,0.0457,0.32799999999999996,0.0,0.153,0.578,159.966,5
91888,2tnVG71enUj33Ic2nFN6kZ,Ride It,87,157606,0,['Regard'],['4ofCBoyEiGSePFAG500xev'],2019-07-26,0.88,0.7509999999999999,7,-4.258,0,0.0874,0.177,6.43e-05,0.106,0.884,117.948,4
91889,6ocbgoVGwYJhOv1GgI9NsF,7 rings,87,178627,1,['Ariana Grande'],['66CXWjxzNUsdJxJ2JdwvnR'],2019-02-08,0.778,0.317,1,-10.732000000000001,0,0.33399999999999996,0.5920000000000001,0.0,0.0881,0.327,140.048,4
92887,0EhpEsp4L0oRGM0vmeaN5e,UN DIA (ONE DAY) (Feat. Tainy),87,232253,0,"['J Balvin', 'Tainy', 'Dua Lipa', 'Bad Bunny']","['1vyhD5VmyZ7KMfW5gqLgo5', '0GM7qgcRCORpGnfcN2tCiB', '6M2wZ9GZgrQXHCFfjv46we', '4q3ewBCX7sLwd24euuV69X']",2020-07-24,0.5710000000000001,0.693,6,-8.234,0,0.0545,0.00536,0.0,0.17300000000000001,0.39299999999999996,168.169,4
91891,3ZCTVFBt2Brf31RLEnCkWJ,everything i wanted,87,245426,0,['Billie Eilish'],['6qqNVTkY8uBg9cP3Jd7DAH'],2019-11-13,0.7040000000000001,0.225,6,-14.454,0,0.0994,0.902,0.657,0.106,0.243,120.006,4
88940,5uCax9HTNlzGybIStD3vDh,Say You Won't Let Go,87,211467,0,['James Arthur'],['4IWBUUAFIplrNtaOHcJPRM'],2016-10-28,0.358,0.557,10,-7.398,1,0.059000000000000004,0.695,0.0,0.0902,0.494,85.04299999999999,4
88939,55Am8neGJkdj2ADaM3aw5H,Train Wreck,87,208827,0,['James Arthur'],['4IWBUUAFIplrNtaOHcJPRM'],2016-10-28,0.311,0.485,6,-5.726,0,0.0365,0.701,0.0,0.0726,0.225,77.355,4
78355,2Lhdl74nwwVGOE2Gv35QuK,Cupid's Chokehold / Breakfast in America,87,243773,0,['Gym Class Heroes'],['4IJczjB0fJ04gs4uvP0Fli'],2005-02-22,0.72,0.7440000000000001,1,-6.938,0,0.12,0.237,0.0,0.255,0.619,78.953,4
